study,element,case,nodes_in_contact,largest_gap[m],pressure_error[-],displacement_error[-],traction_error[-],tangential_over_normal[-],force_ratio_error[-],series,R_over_a_target,L_over_a_target,h[m],a_over_h,load,a[m],p0[Pa],edge_within_an_element,centre_error[-],interior_error[-],rms_error[-],newton_iterations,pair,kind,friction,steps,iterations,cuts,slave_nodes,excluded_nodes,sticking,slipping,contact_area,force_on_slave_N,max_pressure_Pa,min_gap_m,max_slip_m,relative_force_error,relative_moment_error,linear_solver
contact-patch,Q4,rigid plane,5,0.0,1.064e-15,1.626e-15,,,,,,,,,,,,,,,,,,,,,,,,,,,,,,,,,,
contact-patch,Q4,"rigid plane, gap",5,3.309e-21,8.515e-16,1.762e-15,,,,,,,,,,,,,,,,,,,,,,,,,,,,,,,,,,
contact-patch,Q4,"mortar, non-matching",6,1.6540000000000003e-20,1.2e-13,2.982e-14,,,,,,,,,,,,,,,,,,,,,,,,,,,,,,,,,,
contact-patch,Q4,"rigid plane, full slip",5,0.0,,,2.703e-15,0.3,0.0,,,,,,,,,,,,,,,,,,,,,,,,,,,,,,,
contact-patch,Tri3,rigid plane,5,0.0,8.515e-16,3.388e-16,,,,,,,,,,,,,,,,,,,,,,,,,,,,,,,,,,
contact-patch,Tri3,"rigid plane, gap",5,9.926000000000001e-21,1.135e-15,9.487e-16,,,,,,,,,,,,,,,,,,,,,,,,,,,,,,,,,,
contact-patch,Tri3,"mortar, non-matching",6,1.0080000000000002e-20,1.806e-13,3.049e-14,,,,,,,,,,,,,,,,,,,,,,,,,,,,,,,,,,
contact-patch,Hex8,rigid plane,20,0.0,2.129e-15,4.482e-15,,,,,,,,,,,,,,,,,,,,,,,,,,,,,,,,,,
contact-patch,Hex8,"rigid plane, gap",20,1.588e-20,1.277e-15,2.261e-15,,,,,,,,,,,,,,,,,,,,,,,,,,,,,,,,,,
contact-patch,Hex8,"mortar, non-matching",30,2.2060000000000003e-20,5.023e-13,1.416e-13,,,,,,,,,,,,,,,,,,,,,,,,,,,,,,,,,,
contact-patch,Hex8,"rigid plane, full slip",20,0.0,,,4.102e-14,0.299739199716,,,,,,,,,,,,,,,,,,,,,,,,,,,,,,,,
contact-patch,Tet4,rigid plane,20,0.0,2.342e-15,6.776e-15,,,,,,,,,,,,,,,,,,,,,,,,,,,,,,,,,,
contact-patch,Tet4,"rigid plane, gap",20,1.9850000000000003e-20,4.541e-15,6.98e-15,,,,,,,,,,,,,,,,,,,,,,,,,,,,,,,,,,
contact-patch,Tet4,"mortar, non-matching",30,2.8950000000000004e-20,6.189e-13,6.221e-14,,,,,,,,,,,,,,,,,,,,,,,,,,,,,,,,,,
hertz-line,,elastic cylinder on a rigid flat,6,,,,,,,mesh,50.0,25.0,0.0001875,5.62852,3845028.6,0.0010553477,2319445400.0,yes,0.00112497,0.00173866,0.0074335,5.0,,,,,,,,,,,,,,,,,,
hertz-line,,elastic cylinder on a rigid flat,11,,,,,,,mesh,50.0,25.0,0.0001,10.5545,3845799.7,0.0010554535,2319678000.0,yes,0.000360155,0.000264746,0.00711135,6.0,,,,,,,,,,,,,,,,,,
hertz-line,,elastic cylinder on a rigid flat,22,,,,,,,mesh,50.0,25.0,5e-05,21.1088,3845709.2,0.001055441,2319650600.0,yes,0.000312964,0.000273812,0.00232684,7.0,,,,,,,,,,,,,,,,,,
hertz-line,,elastic cylinder on a rigid flat,43,,,,,,,mesh,50.0,25.0,2.5e-05,42.2166,3845515.0,0.0010554144,2319592100.0,yes,0.000375766,0.000299753,0.00305385,8.0,,,,,,,,,,,,,,,,,,
hertz-line,,rigid cylinder into an elastic block,6,,,,,,,mesh,50.0,25.0,0.0001875,5.63013,3847234.2,0.0010556503,2320110500.0,yes,0.00097134,0.00182632,0.00494641,5.0,,,,,,,,,,,,,,,,,,
hertz-line,,rigid cylinder into an elastic block,11,,,,,,,mesh,50.0,25.0,0.0001,10.5577,3848085.0,0.001055767,2320367000.0,yes,0.00187051,0.00149535,0.00437645,6.0,,,,,,,,,,,,,,,,,,
hertz-line,,rigid cylinder into an elastic block,22,,,,,,,mesh,50.0,25.0,5e-05,21.1153,3848084.4,0.0010557669,2320366900.0,yes,0.00201821,0.00162037,0.0021242,7.0,,,,,,,,,,,,,,,,,,
hertz-line,,rigid cylinder into an elastic block,43,,,,,,,mesh,50.0,25.0,2.5e-05,42.2291,3847802.6,0.0010557283,2320281900.0,yes,0.001945,0.00153639,0.00202918,8.0,,,,,,,,,,,,,,,,,,
hertz-line,,"elastic cylinder on an elastic block (mortar, non-matching)",6,,,,,,,mesh,50.0,25.0,0.0001875,5.62884,1922731.5,0.0010554073,1159788200.0,yes,0.00112764,0.00363643,0.00355316,5.0,,,,,,,,,,,,,,,,,,
hertz-line,,"elastic cylinder on an elastic block (mortar, non-matching)",11,,,,,,,mesh,50.0,25.0,0.0001,10.5538,1922618.6,0.0010553763,1159754200.0,yes,0.000210504,0.00151781,0.00455539,6.0,,,,,,,,,,,,,,,,,,
hertz-line,,"elastic cylinder on an elastic block (mortar, non-matching)",22,,,,,,,mesh,50.0,25.0,5e-05,21.1061,1922361.2,0.0010553056,1159676500.0,yes,0.000211034,0.000608466,0.0026548,7.0,,,,,,,,,,,,,,,,,,
hertz-line,,"elastic cylinder on an elastic block (mortar, non-matching)",43,,,,,,,mesh,50.0,25.0,2.5e-05,42.2112,1922263.6,0.0010552788,1159647100.0,yes,0.00038297,0.000456809,0.00282309,8.0,,,,,,,,,,,,,,,,,,
hertz-line,,elastic cylinder on a rigid flat,43,,,,,,,body size,200.0,25.0,2.5e-05,42.2222,961634.77,0.0010555549,579975230.0,yes,0.000436205,0.000347493,0.00311511,8.0,,,,,,,,,,,,,,,,,,
hertz-line,,elastic cylinder on a rigid flat,43,,,,,,,body size,200.0,50.0,2.5e-05,42.2041,960812.88,0.0010551037,579727330.0,yes,0.000162281,0.000133064,0.00248726,9.0,,,,,,,,,,,,,,,,,,
hertz-line,,elastic cylinder on a rigid flat,43,,,,,,,body size,200.0,100.0,2.5e-05,42.1908,960206.13,0.0010547705,579544260.0,yes,9.81841e-05,8.86584e-05,0.00224537,9.0,,,,,,,,,,,,,,,,,,
hertz-line,,rigid cylinder into an elastic block,43,,,,,,,curvature,50.0,100.0,2.5e-05,42.2021,3842875.7,0.0010550522,2318795900.0,yes,0.00251232,0.00199722,0.0030139,9.0,,,,,,,,,,,,,,,,,,
hertz-line,,rigid cylinder into an elastic block,43,,,,,,,curvature,100.0,100.0,2.5e-05,42.1963,1920910.2,0.0010549073,1159238800.0,yes,0.00124966,0.000997369,0.00126783,9.0,,,,,,,,,,,,,,,,,,
hertz-line,,rigid cylinder into an elastic block,43,,,,,,,curvature,200.0,100.0,2.5e-05,42.1933,960319.58,0.0010548329,579578490.0,yes,0.000583978,0.000471445,0.0013693,9.0,,,,,,,,,,,,,,,,,,
hertz-line,,"elastic cylinder on an elastic block (mortar, non-matching)",11,,,,,,,master twice as coarse,50.0,25.0,0.0001,10.5574,1923962.0,0.0010557449,1160159300.0,yes,0.0357275,0.0256851,0.0424025,7.0,,,,,,,,,,,,,,,,,,
hertz-line,,"elastic cylinder on an elastic block (mortar, non-matching)",22,,,,,,,master twice as coarse,50.0,25.0,5e-05,21.1164,1924234.1,0.0010558196,1160241300.0,yes,0.0212916,0.0228786,0.0372041,7.0,,,,,,,,,,,,,,,,,,
hertz-line,,"elastic cylinder on an elastic block (mortar, non-matching)",43,,,,,,,master twice as coarse,50.0,25.0,2.5e-05,42.2381,1924720.1,0.0010559529,1160387800.0,yes,0.0106136,0.0114246,0.0129329,9.0,,,,,,,,,,,,,,,,,,
hertz-point,,elastic sphere on a rigid flat,20,,,,,,,mesh,50.0,15.0,0.00025,3.99714,5848.246,0.00099928514,2796328300.0,yes,0.000980571,0.0127072,0.0853501,5.0,,,,,,,,,,,,,,,,,,
hertz-point,,elastic sphere on a rigid flat,37,,,,,,,mesh,50.0,15.0,0.000166667,6.00302,5869.6474,0.0010005026,2799735100.0,yes,0.00126116,0.00123896,0.0467342,6.0,,,,,,,,,,,,,,,,,,
hertz-point,,elastic sphere on a rigid flat,83,,,,,,,mesh,50.0,15.0,0.000107143,9.34562,5883.9807,0.0010013163,2802012200.0,yes,0.00143793,0.00170394,0.0257194,6.0,,,,,,,,,,,,,,,,,,
hertz-point,,"elastic sphere on an elastic block (mortar, non-matching)",20,,,,,,,mesh,50.0,15.0,0.00025,3.99678,2923.3295,0.00099919475,1398037700.0,yes,0.00790894,0.0146393,0.091556,5.0,,,,,,,,,,,,,,,,,,
hertz-point,,"elastic sphere on an elastic block (mortar, non-matching)",37,,,,,,,mesh,50.0,15.0,0.000166667,5.99454,2922.4099,0.00099908996,1397891000.0,yes,0.00392384,0.00473538,0.054607,6.0,,,,,,,,,,,,,,,,,,
deck,Hex8,contact_blocks_hex_nonlinear/press,48,,,,,,,,,,,,,,,,,,,,interface,mortar,0.0,1.0,4.0,0.0,66.0,0.0,,,0.09000000000000004,0 1200000 0,20851321.079615917,-2.2833631492349202e-20,3.6274333250797365e-05,8.329572263678092e-17,7.462231497949167e-17,SimplicialLDLT
deck,Hex8,contact_blocks_friction_hex_nonlinear/press_and_drag,66,,,,,,,,,,,,,,,,,,,,interface,mortar,0.3,1.0,8.0,0.0,66.0,0.0,30.0,36.0,0.12000000000000006,-205225.322 1319558.05 -14700.4582,16466055.832074396,-2.2015067344510267e-20,1.0257898979664526e-05,5.4311349578666973e-17,4.3834437775860495e-06,SimplicialLDLT + SparseLU (steps with nodes slipping)
deck,Tet4,contact_plane_tet4_nonlinear/rise,45,,,,,,,,,,,,,,,,,,,,floor,rigid plane,0.0,1.0,2.0,0.0,45.0,0.0,,,0.02000000000000001,0 2984730.88 0,158274024.27550223,-2.710505431213761e-20,6.809976897690503e-05,7.891123443730726e-16,6.707430815473598e-16,SimplicialLDLT
deck,Q4,contact_cylinder_friction_q4_nonlinear/press_and_drag,15,,,,,,,,,,,,,,,,,,,,cylinder,rigid cylinder,0.3,8.0,32.0,1.0,49.0,0.0,14.0,1.0,0.00037499999999999995,119046.816 -707766.717,2450183508.124717,-3.3087224502121125e-20,1.002558916311378e-05,9.474978772549082e-17,1.5965333028438032e-16,SparseLU (steps with nodes slipping)
deck,Hex8,contact_sphere_hex_nonlinear/indent,11,,,,,,,,,,,,,,,,,,,,sphere,rigid sphere,0.2,2.0,11.0,0.0,289.0,0.0,4.0,7.0,0.000101953125,7015.31228 -67155.2934 7015.31228,1136183749.62636,-7.639932046496713e-21,5.813045856613273e-06,9.141589406314326e-17,3.3792225946853403e-17,SimplicialLDLT + SparseLU (steps with nodes slipping)
deck,Q4,contact_cap_q4_nonlinear/press,8,,,,,,,,,,,,,,,,,,,,interface,mortar,0.0,2.0,9.0,0.0,21.0,0.0,,,0.007500000000000001,0 -4446343.76,811113852.9834526,-1.1580528575742387e-20,5.3124712610563777e-08,3.9300991734482817e-16,3.867221852665053e-16,SimplicialLDLT
