case,run,compliance_J,volume_fraction_target,volume_fraction_used,grey_level,part_compliance_J,part_mass_kg,part_lambda_1,nonlinear_verdict,iterations,stop_reason
bridge_self_weight_g0,no self-weight,0.005466293760865251,0.3,0.2999986228025863,0.008755078626889578,0.005437176894997104,141.88875000000002,,,179,design_change
bridge_self_weight,1 g,0.012114591613383196,0.3,0.299993111990994,0.009890860714758035,0.012094469057850311,141.88875000000002,,,193,design_change
bridge_self_weight_g5,5 g,0.05494226016326139,0.3,0.2381600692740246,0.019432184427216895,0.054832383943325326,113.6287500000001,,,305,design_change
clamped_beam_thermal_dT0,dT = 0 K,0.9132995114800964,0.4,0.3999993796427312,0.012325553242751202,0.9059618791669863,20.205900000000184,751.1634578217414,carries,174,design_change
clamped_beam_thermal_dT1,dT = 1 K,0.7442219672269146,0.4,0.3999982180163709,0.013036942236567737,0.7594376818312064,19.782000000000192,744.3778809061324,carries,172,objective_stall
clamped_beam_thermal_dT2,dT = 2 K,0.8265830356820051,0.4,0.39938202348112595,0.03610096373761308,0.8401064767024188,20.441400000000183,876.3020636342055,carries,172,objective_stall
clamped_beam_thermal_dT3,dT = 3 K,1.1219272621913174,0.4,0.30301796004353715,0.10439356470105984,1.171081974572528,15.095550000000133,373.86200386908587,carries,234,objective_stall
clamped_beam_thermal_dT5,dT = 5 K,1.7550662563708794,0.4,0.1983126839772198,0.11159479594214063,1.918277841799072,9.757550000000037,105.21610146137564,carries,234,objective_stall
clamped_beam_thermal,dT = 10 K,3.3986059400134216,0.4,0.11532742179960057,0.09993434731976848,4.175175599696,5.65985,20.093721540031936,carries,265,design_change
clamped_beam_thermal_dT20,dT = 20 K,7.944484577915738,0.4,0.08953491488925615,0.08611726400058858,13.294815732137879,4.537300000000004,10.222739454893793,carries,191,design_change
clamped_beam_thermal_dT40,dT = 40 K,15.019304713278922,0.4,0.06768723379412207,0.11324859666294845,45.229417479821194,3.532500000000017,4.053325629591668,carries,140,design_change
