study,element,mass,case,alpha,difference[-],energy_balance[-],error_finest[-],order[-],dissipation_gap[-],steps,max_displacement_m,final_balance_J,newton_iterations,max_plastic_strain,frequencies,peak_frequency_Hz
transient-modal,Q4,consistent,sudden load undamped,0.0,1.754e-11,1.08e-11,,,,,,,,,,
transient-modal,Q4,consistent,harmonic load Rayleigh damping,0.0,4.218e-11,1.05e-11,,,,,,,,,,
transient-modal,Q4,consistent,harmonic load Rayleigh damping,-0.1,2.828e-10,0.002838,,,,,,,,,,
transient-modal,Q4,consistent,sudden load undamped,-0.3,2.615e-11,0.007658,,,,,,,,,,
transient-modal,Q4,consistent,released from the static state,-0.05,3.275e-10,0.002771,,,,,,,,,,
transient-modal,Q4,lumped,sudden load undamped,0.0,5.679e-12,9.309e-12,,,,,,,,,,
transient-modal,Q4,lumped,harmonic load Rayleigh damping,0.0,2.007e-10,2.985e-11,,,,,,,,,,
transient-modal,Q4,lumped,harmonic load Rayleigh damping,-0.1,1.353e-10,0.002998,,,,,,,,,,
transient-modal,Q4,lumped,sudden load undamped,-0.3,3.276e-11,0.007559,,,,,,,,,,
transient-modal,Q4,lumped,released from the static state,-0.05,2.656e-10,0.002759,,,,,,,,,,
transient-modal,Hex8,consistent,sudden load undamped,0.0,1.359e-11,4.816e-12,,,,,,,,,,
transient-modal,Hex8,consistent,harmonic load Rayleigh damping,0.0,1.96e-11,3.482e-12,,,,,,,,,,
transient-modal,Hex8,consistent,harmonic load Rayleigh damping,-0.1,3.899e-12,0.00295,,,,,,,,,,
transient-modal,Hex8,consistent,sudden load undamped,-0.3,1.645e-11,0.007549,,,,,,,,,,
transient-modal,Hex8,consistent,released from the static state,-0.05,3.407e-11,0.002756,,,,,,,,,,
transient-modal,Hex8,lumped,sudden load undamped,0.0,1.23e-11,3.723e-12,,,,,,,,,,
transient-modal,Hex8,lumped,harmonic load Rayleigh damping,0.0,1.785e-11,3.006e-12,,,,,,,,,,
transient-modal,Hex8,lumped,harmonic load Rayleigh damping,-0.1,7.679e-12,0.003013,,,,,,,,,,
transient-modal,Hex8,lumped,sudden load undamped,-0.3,1.385e-11,0.00719,,,,,,,,,,
transient-modal,Hex8,lumped,released from the static state,-0.05,3.626e-11,0.002703,,,,,,,,,,
transient-modal,Beam2,consistent,sudden load undamped,0.0,1.526e-11,3.839e-12,,,,,,,,,,
transient-modal,Beam2,consistent,harmonic load Rayleigh damping,0.0,1.589e-11,3.75e-12,,,,,,,,,,
transient-modal,Beam2,consistent,harmonic load Rayleigh damping,-0.1,1.272e-11,0.002517,,,,,,,,,,
transient-modal,Beam2,consistent,sudden load undamped,-0.3,5.265e-12,0.01138,,,,,,,,,,
transient-modal,Beam2,consistent,released from the static state,-0.05,6.477e-12,0.005037,,,,,,,,,,
transient-modal,Beam2,lumped,sudden load undamped,0.0,7.892e-12,3.859e-12,,,,,,,,,,
transient-modal,Beam2,lumped,harmonic load Rayleigh damping,0.0,1.7e-11,2.941e-12,,,,,,,,,,
transient-modal,Beam2,lumped,harmonic load Rayleigh damping,-0.1,1.901e-11,0.00329,,,,,,,,,,
transient-modal,Beam2,lumped,sudden load undamped,-0.3,1.306e-11,0.01105,,,,,,,,,,
transient-modal,Beam2,lumped,released from the static state,-0.05,9.167e-12,0.005015,,,,,,,,,,
rod-harmonic,Q4,consistent,"end force undamped, f = 0.5 f1",,7.413e-13,,5.73067e-07,2.0,,,,,,,,
rod-harmonic,Q4,consistent,"end force undamped, f = 2.5 f1",,8.875e-13,,0.000172004,1.999,,,,,,,,
rod-harmonic,Q4,consistent,"end force eta 0.02 at resonance, f = 1 f1",,4.823e-11,,0.000401462,2.0,,,,,,,,
rod-harmonic,Q4,consistent,"end force eta 0.02 at resonance, f = 3 f1",,6.152e-12,,0.00360825,2.0,,,,,,,,
rod-harmonic,Q4,consistent,"end force Rayleigh at resonance, f = 1 f1",,6.403e-11,,0.000401584,2.0,,,,,,,,
rod-harmonic,Q4,consistent,"base motion undamped, f = 1.5 f1",,6.685e-13,,2.12905e-05,2.0,,,,,,,,
rod-harmonic,Q4,consistent,"base motion eta 0.02 at resonance, f = 1 f1",,4.824e-11,,0.000401561,2.0,,,,,,,,
rod-harmonic,Q4,lumped,"end force undamped, f = 0.5 f1",,2.157e-13,,4.58905e-06,2.0,,,,,,,,
rod-harmonic,Q4,lumped,"end force undamped, f = 2.5 f1",,2.651e-13,,0.000272488,2.001,,,,,,,,
rod-harmonic,Q4,lumped,"end force eta 0.02 at resonance, f = 1 f1",,2.779e-11,,0.000401707,2.0,,,,,,,,
rod-harmonic,Q4,lumped,"end force eta 0.02 at resonance, f = 3 f1",,3.102e-12,,0.00361074,2.0,,,,,,,,
rod-harmonic,Q4,lumped,"end force Rayleigh at resonance, f = 1 f1",,2.939e-11,,0.000401665,2.0,,,,,,,,
rod-harmonic,Q4,lumped,"base motion undamped, f = 1.5 f1",,7.735e-13,,2.12902e-05,2.0,,,,,,,,
rod-harmonic,Q4,lumped,"base motion eta 0.02 at resonance, f = 1 f1",,2.78e-11,,0.000401565,2.0,,,,,,,,
rod-harmonic,Hex8,consistent,"end force undamped, f = 0.5 f1",,2.098e-12,,5.73066e-07,2.0,,,,,,,,
rod-harmonic,Hex8,consistent,"end force undamped, f = 2.5 f1",,1.251e-12,,0.000172004,1.999,,,,,,,,
rod-harmonic,Hex8,consistent,"end force eta 0.02 at resonance, f = 1 f1",,2.943e-10,,0.000401462,2.0,,,,,,,,
rod-harmonic,Hex8,consistent,"end force eta 0.02 at resonance, f = 3 f1",,1.176e-11,,0.00360825,2.0,,,,,,,,
rod-harmonic,Hex8,consistent,"end force Rayleigh at resonance, f = 1 f1",,2.942e-10,,0.000401584,2.0,,,,,,,,
rod-harmonic,Hex8,consistent,"base motion undamped, f = 1.5 f1",,6.539e-13,,2.12905e-05,2.0,,,,,,,,
rod-harmonic,Hex8,consistent,"base motion eta 0.02 at resonance, f = 1 f1",,2.943e-10,,0.000401561,2.0,,,,,,,,
rod-harmonic,Hex8,lumped,"end force undamped, f = 0.5 f1",,3.013e-12,,4.58905e-06,2.0,,,,,,,,
rod-harmonic,Hex8,lumped,"end force undamped, f = 2.5 f1",,6.759e-13,,0.000272488,2.001,,,,,,,,
rod-harmonic,Hex8,lumped,"end force eta 0.02 at resonance, f = 1 f1",,1.474e-10,,0.000401707,2.0,,,,,,,,
rod-harmonic,Hex8,lumped,"end force eta 0.02 at resonance, f = 3 f1",,1.087e-11,,0.00361074,2.0,,,,,,,,
rod-harmonic,Hex8,lumped,"end force Rayleigh at resonance, f = 1 f1",,9.849e-11,,0.000401665,2.0,,,,,,,,
rod-harmonic,Hex8,lumped,"base motion undamped, f = 1.5 f1",,5.574e-13,,2.12902e-05,2.0,,,,,,,,
rod-harmonic,Hex8,lumped,"base motion eta 0.02 at resonance, f = 1 f1",,1.474e-10,,0.000401565,2.0,,,,,,,,
rod-transient,Q4,consistent,ramped end force,,,3.88e-12,2.59454e-05,2.014,,,,,,,,
rod-transient,Q4,lumped,ramped end force,,,1.626e-12,8.0021e-05,2.004,,,,,,,,
rod-transient,Hex8,consistent,ramped end force,,,2.682e-12,2.59454e-05,2.014,,,,,,,,
rod-transient,Hex8,lumped,ramped end force,,,3.517e-12,8.0021e-05,2.004,,,,,,,,
nonlinear-oscillator,"Q4, Hex8",,"Saint Venant-Kirchhoff finite strain, alpha = 0",,1.394e-11,,0.000144839,2.0,,,,,,,,
nonlinear-oscillator,"Q4, Hex8",,"Saint Venant-Kirchhoff finite strain, alpha = -0.1",,1.738e-11,,0.000181748,1.999,,,,,,,,
nonlinear-oscillator,"Q4, Hex8",,"J2 linear hardening small strain, alpha = 0",,4.512e-13,,9.84622e-05,1.946,4.5136871125842186e-05,,,,,,,
nonlinear-oscillator,"Q4, Hex8",,"J2 linear hardening small strain, alpha = -0.1",,2.114e-13,,0.000122226,1.958,4.6338232714635976e-05,,,,,,,
deck,Hex8,consistent,transient_cantilever_hex/tip,-0.05,,2.8198288298543194e-05,,,,300.0,0.0003600763981726669,5.831820699873924e-06,,,,
deck,Tet10,consistent,transient_column_tet10/shake,0.0,,4.595306227524974e-11,,,,400.0,0.00036648924934932337,1.0349360257677631e-13,,,,
deck,Q4,lumped,transient_strip_q4_base/shake,0.0,,8.230314636799295e-11,,,,250.0,0.001053080782008486,-2.078115457493368e-11,,,,
deck,Q4,,frequency_response_plate_q4/tip,,,,,,,,0.007716194822375801,,,,120.0,82.39680651363302
deck,Hex8,,frequency_response_block_hex/base,,,,,,,,0.007713039609644853,,,,80.0,3974.6835443037976
deck,Hex8,consistent,transient_plastic_beam_hex/tip,0.0,,0.20024628852370685,,,,200.0,0.008849076663564171,26.077819161420535,342.0,0.0010313203078539117,,
deck,Hex8,consistent,transient_beam_hex_nlgeom/tip,0.0,,4.041841547955566e-05,,,,150.0,0.3668553270092174,0.0014285566413700934,300.0,,,
